barcode	tSNE_1	tSNE_2	cluster
AAACCTGCAAAGCAAT	-33.517175727875745	-5.29675835002896	5
AAACCTGCATCTCCCA	12.864096312838683	-1.7048276514550391	0
AAACGGGCAGACAGGT	1.8465018711844576	-13.472899919617202	2
AAACGGGCAGGACCCT	22.467795185218304	-2.0388620948093816	0
AAACGGGGTCAGAAGC	-8.06277268257405	13.38090680010963	1
AAACGGGGTGACGGTA	28.76353673156658	1.7465126250172986	0
AAAGATGAGAGCTGGT	-14.459043381369769	12.369673837326062	1
AAAGATGAGCAGCCTC	-11.167396910351247	13.016221115136625	1
AAAGATGAGTCATCCA	11.359744772096297	1.4327935622784573	0
AAAGATGTCGTATCAG	14.997774368374014	0.7467663744090003	0
AAAGTAGAGAGCAATT	21.7418887028633	3.346696357900602	0
AAAGTAGGTCGGCTCA	-7.721819622621353	10.20493842553115	1
AAAGTAGGTCTTCGTC	14.93008108369072	-2.6987702355590133	0
AAAGTAGGTGCCTTGG	-14.048396986043306	-2.220997067643153	4
AAAGTAGGTTGATTGC	28.94256631607463	4.63349712548119	0
AAAGTAGTCGAATGCT	-8.852213950650778	-0.6958122861572833	4
AAAGTAGTCTACCAGA	20.38974316441504	-2.5726316021230824	0
AAATGCCAGGTGCTTT	18.123819890196028	-5.551677588833301	0
AAATGCCTCTTACCTA	-19.303986296610905	-20.90977569806056	6
AACACGTGTGTTTGGT	4.202844770314827	-3.5221497649797526	2
AACACGTTCATGTGGT	-13.725922067558281	18.687257648241925	1
AACCATGTCACGCATA	-5.722829468590679	16.38335669602053	1
AACCGCGCACGTTGGC	-10.350165026154485	15.807852206302993	1
AACCGCGGTCTAGAGG	-9.411685692597748	13.014903814582382	1
AACCGCGGTCTCGTTC	-7.4637020557088265	15.69292527036069	1
AACGTTGCAGCTGGCT	4.2251977202838376	13.03934199629811	3
AACGTTGCATACAGCT	-5.291150749378023	8.874915469606954	1
AACTCAGAGCGCCTTG	-35.79174638936984	-5.158146048417374	5
AACTCAGAGGAGTTGC	-20.81671268263409	-18.9399358305269	6
AACTCAGCAACAACCT	19.348194092464507	5.4941931153145545	0
AACTCAGCAATGAAAC	1.518439336925673	-22.860317332957585	2
AACTCAGTCCAAGTAC	2.1966416440403562	1.299070896628238	3
AACTCCCAGAATAGGG	2.00426071335881	-16.755039177757975	2
AACTCCCTCTTTACGT	-21.002206424718523	-23.78647132481109	6
AACTCTTAGAGTCGGT	18.82800694058005	-3.5875466999692436	0
AACTCTTAGGTACTCT	-10.326183058872603	-4.336826009166698	4
AACTCTTGTCCTCTTG	19.032122999545148	-9.155788629759588	0
AACTCTTTCAAGGCTT	16.04043228252527	-8.475588327605486	0
AACTGGTAGGGCTCTC	-3.8259951912167867	-21.095362354363708	2
AACTGGTTCTGAGTGT	22.191056888262416	8.166655377355559	0
AACTTTCAGCCAGTAG	-11.00264039356033	5.3311766763254855	1
AACTTTCCAATAGCGG	10.430447470410355	-4.399068362224155	0
AACTTTCGTACAGTTC	-20.11132441408254	9.200580830219346	1
AACTTTCGTCTCTTAT	-13.4648220908968	21.322859256019893	1
AACTTTCGTCTGATCA	-9.708343360091925	17.081766467733765	1
AACTTTCGTTCCACTC	-12.35902052280593	21.260144009573406	1
AAGACCTGTCTGCAAT	7.5651424933627345	7.488389773261578	3
AAGACCTTCAATACCG	17.85510883223173	-4.951076183471789	0
AAGACCTTCCTAGAAC	4.0034542687027495	12.784622079756396	3
AAGCCGCGTAGCGTAG	17.59511439168705	5.436826858250977	0
AAGGAGCAGTGGTAGC	8.208989590629974	8.84014975811144	3
AAGGAGCAGTTTGCGT	-7.757419461541488	-9.305094041249216	4
AAGGAGCGTAGCTAAA	-4.673618522297715	-21.821559011094713	2
AAGGAGCTCAACACGT	7.106700280127287	-4.591163908033779	2
AAGGCAGAGAAGCCCA	18.402489637278915	-9.02159120727358	0
AAGGCAGGTGTGGTTT	-8.965318441595718	9.57113630193811	1
AAGGCAGTCGGTCTAA	16.984513955572787	-7.958725860664762	0
AAGGTTCCACTGAAGG	18.2513408884271	-6.1973101801654575	0
AAGGTTCTCGAGAACG	16.437133747602097	7.184552061965197	0
AAGTCTGCAGCAGTTT	2.279629542988909	-17.169225463405596	2
AAGTCTGTCACAGGCC	-8.588749512347439	13.943363515010963	1
AAGTCTGTCTGCCAGG	-13.067450353582025	12.593572287928886	1
AATCCAGGTTCGTGAT	21.658613791316156	7.307752325048963	0
AATCGGTAGCACCGTC	-8.93834087627008	7.500132542769218	1
AATCGGTAGGGAGTAA	26.9074317745821	2.278662247779961	0
AATCGGTAGGGTCGAT	5.204376444818426	-17.05512079514189	2
AATCGGTCATTGAGCT	20.081440341782454	10.795682568229301	0
ACACCAACAAGCCTAT	-34.48197759222439	-6.87688246056102	5
ACACCAAGTATAAACG	26.44151642991322	-3.991807481218828	0
ACACCAATCGAACTGT	-16.449451927699965	16.774230548662466	1
ACACCCTAGGTAGCCA	-10.972277593215908	12.966543885581778	1
ACACCCTGTGTCAATC	3.589665311423864	18.241897087581776	3
ACACCCTTCAGCTCGG	-10.313991414997366	20.125403555369196	1
ACACCGGAGAATGTGT	-9.343372208838344	-3.732498375596197	4
ACACCGGGTTTAGGAA	-11.536008426910279	2.4812103713045666	4
ACACTGAAGAAACGAG	17.81698388943558	-0.41597609326390445	0
ACACTGAAGCTGTCTA	32.396311572364034	-1.9881584892284097	0
ACACTGATCTCGAGTA	-36.199476233073625	-0.09486331309800254	5
ACAGCTACATCCGTGG	-4.844510573820956	-22.458235843948337	2
ACAGCTAGTCCAGTGC	-38.43770527628769	-4.6736812071444565	5
ACAGCTAGTGAGGCTA	-6.2251711313225	11.64213024840659	1
ACAGCTATCCGCGCAA	-34.17040762812243	-3.2406404172122056	5
ACATACGCAACTGCGC	-4.095139283054807	10.41114284633533	1
ACATCAGCAGTTAACC	1.6638811412124634	20.18023548237359	1
ACATGGTCAGACGCTC	-8.303434300819044	11.200753202137284	1
ACATGGTTCCGTACAA	-23.480942155416134	6.491149103318485	1
ACCCACTCACTGTCGG	-9.945519988877566	5.584967763301819	1
ACCCACTGTGTAAGTA	-1.595212102471595	-22.70231950265313	2
ACCCACTTCACGAAGG	-12.999535907594467	-3.4036160727804643	4
ACCGTAAAGTACTTGC	-12.172509271658747	1.043211456787656	4
ACCGTAAGTATGGTTC	-19.246807183250706	5.174221173449927	1
ACCGTAATCAGAGCTT	5.524785278003077	-10.638831452216916	2
ACCTTTAAGCACCGTC	5.644461265329476	-17.87425080057681	2
ACCTTTAAGTGGACGT	6.647542844377255	7.285024643289419	3
ACCTTTAGTCTCTCTG	-21.16410403572261	-22.328267353031784	6
ACCTTTATCCAAGTAC	-20.59607283167413	-22.571662980532903	6
ACCTTTATCTTGCAAG	-2.7454080082688455	-23.976643140059895	2
ACGAGCCGTCCGAAGA	24.78796096126015	6.104007555680221	0
ACGAGCCTCCTCTAGC	16.80809063833788	-1.4618405746427925	0
ACGAGGAAGCGGATCA	-37.367689198583605	-4.695755502120996	5
ACGAGGAAGTGTTTGC	-15.890282345367151	14.094159594133835	1
ACGAGGACAAATACAG	28.6899108839652	-5.765798112017545	0
ACGAGGATCCAAACTG	6.767266721786905	-18.401257178365174	2
ACGATACGTAGAGTGC	-17.208383764336954	17.982743294493453	1
ACGATACGTCATATGC	2.710483733036773	19.258423573546477	3
ACGATGTGTATAAACG	-21.269312522021867	-20.65500129604862	6
ACGCAGCAGTCCAGGA	-8.316691195027662	-4.271934677723954	4
ACGCAGCCATATGGTC	-10.057591973506572	10.621430392441697	1
ACGCAGCGTCGTTGTA	-12.76037605528979	17.282242256997005	1
ACGCAGCTCATGGTCA	-12.487074957598622	-2.5496124232446604	4
ACGCCAGAGATCCCAT	-2.316465668629198	-21.869701762304867	2
ACGCCAGAGGAGTTGC	2.488733266330204	15.4349038168254	3
ACGCCAGCAAGCGTAG	28.24953991392308	-0.23830127146994298	0
ACGCCGAGTTCTCATT	21.712013296338053	-4.462511153420162	0
ACGGAGAAGTGTACCT	4.473172314308799	-13.873466483353855	2
ACGGAGACAATGACCT	7.54677782325862	10.45176399210076	3
ACGGAGACAATGGAGC	8.93001923678758	0.09332833787415554	3
ACGGGCTAGCAACGGT	1.1571154057408959	-25.098092967227473	2
ACGGGTCTCTTGAGAC	28.26721820825678	6.18487812170669	0
ACTATCTGTACCTACA	7.363282479339919	3.8889634828645354	3
ACTGAACAGCAGCCTC	8.978247516897095	9.455364831392803	3
ACTGAACGTCTTCAAG	3.5001170067726544	-8.525730972984434	2
ACTGAACGTGTTGAGG	0.4498791494136599	-23.559937762127248	2
ACTGAACTCAGTTAGC	0.4789499102773884	13.916784020331786	3
ACTGAGTCATCACCCT	-11.772046266006676	12.306459812889928	1
ACTGAGTTCTCACATT	-22.252301622108185	3.8669613688729743	1
ACTGATGAGATGTTAG	-1.8778463669369416	-11.60551547050393	2
ACTGATGCAGCCACCA	28.397348709633754	2.276368574982255	0
ACTGATGGTATCACCA	17.398046904430565	6.125846755030607	0
ACTGCTCAGCTCCTTC	-38.69596475888987	-4.081812337245409	5
ACTGCTCAGTTCGCGC	-8.753312975376529	3.8964886716743687	1
ACTGCTCCAAAGGTGC	-7.774536779854	-9.01146833570864	4
ACTGCTCGTCTCCACT	-32.64622412078358	-6.372488574305048	5
ACTGCTCTCAGAGCTT	20.765547673958267	3.941466883590031	0
ACTGCTCTCGGACAAG	3.212608351365801	5.894010633062051	3
ACTGTCCAGCAGATCG	6.447112637409692	-15.970715061206528	2
ACTGTCCAGCGCTTAT	21.92418640835313	4.182138756990027	0
ACTGTCCCAAGCCGTC	3.902133561096458	20.100732240097305	3
ACTGTCCCAGTGGGAT	0.33272361947473383	-18.246603545280916	2
ACTGTCCCATCACCCT	-35.748478496229026	-0.6013368719797636	5
ACTTACTCACGGCCAT	2.881370156097842	19.439022656102342	3
ACTTGTTCACATCTTT	-8.040594594472628	-11.476540079312503	4
ACTTGTTTCTCTAGGA	-21.24209402036154	15.567100365030756	1
ACTTTCAAGATGTGGC	-9.806141843590932	14.52897638939775	1
ACTTTCAAGCTGTCTA	18.494211417242354	-2.2212432939709514	0
ACTTTCACACAACTGT	-1.9833731121009295	-23.937084604852288	2
ACTTTCATCGCAAACT	-5.187147899711635	-22.217056428859287	2
AGAATAGGTAAGGATT	8.035290695289419	-2.1834052380124787	0
AGAATAGGTAGCTCCG	0.8657059373439753	-24.398944186082723	2
AGAATAGGTTCCACTC	25.543903715724895	-2.2864207723387384	0
AGACGTTCAGCTGTAT	-17.828723720786613	18.044177978812588	1
AGAGCGAAGCCAGTAG	-10.494967076159366	12.821634469912746	1
AGAGCGATCGCCGTGA	4.544033911323305	-15.611817190900931	2
AGAGCTTAGGCCCTTG	7.29897135025803	-10.662342369869334	2
AGAGCTTCAAGACACG	16.30924727163481	4.971644531887446	0
AGAGCTTGTATATCCG	6.689138341070673	-10.05769400090247	2
AGAGCTTGTGCGAAAC	3.042736983642798	5.694097945508696	3
AGAGCTTTCAACGGGA	-22.49786965614628	-22.9297189919319	6
AGAGCTTTCCGCGCAA	-6.881850337537594	15.240995282813456	1
AGAGTGGAGGATGGAA	-15.558783440644406	10.431362808622827	1
AGAGTGGAGGCATGGT	-1.1617794658944647	-12.463556323223251	2
AGAGTGGCAAACTGTC	2.2357852193362664	-14.459749499731188	2
AGAGTGGGTACACCGC	4.99868247864359	-8.835924095970714	2
AGAGTGGTCGTGGTCG	11.58568585333583	-1.88808608728373	0
AGAGTGGTCTCGTATT	-13.839983128316296	15.3078773949014	1
AGATCTGGTCTAGAGG	3.570306931323188	-13.579463204833113	2
AGATCTGGTCTCTCTG	-9.925755631846211	-6.863990635400274	4
AGATCTGGTTTGGGCC	31.510480022378754	-0.3108624792674918	0
AGATTGCAGGTGTTAA	-24.368034381540294	5.320182518002114	1
AGATTGCGTGAAATCA	2.2370998281840366	14.18918032018316	3
AGATTGCGTTCAGTAC	-10.80836753519452	14.863719080304074	1
AGCAGCCAGTACGCCC	-20.797231740715926	-21.990714915197003	6
AGCAGCCGTGACGCCT	10.118180566894075	8.904804226919014	0
AGCATACAGGGTGTTG	1.402066684954624	-18.604321922832632	2
AGCATACCACGCTTTC	-37.21524565594449	-5.366164029194854	5
AGCCTAACATCAGTCA	9.700666922785517	8.41983703289484	3
AGCCTAACATCCTAGA	15.89766225887383	3.3313814998074003	0
AGCGGTCCATACAGCT	7.023527264847344	7.891345677535567	3
AGCGGTCCATCAGTAC	-19.12045686327962	12.273220437278788	1
AGCGGTCTCAGGCAAG	-34.2819494694266	0.7062565004247952	5
AGCGGTCTCCACGAAT	14.567224837118415	6.098460044949957	0
AGCGTATAGTGAACAT	-16.582483818353676	15.140274488575228	1
AGCGTATCACAACTGT	4.0837655658236045	-12.140862114122182	2
AGCGTATCAGCTCCGA	-0.0216652772282794	14.144794114417047	3
AGCGTATGTGGCTCCA	8.683280797665093	-1.2675195754109008	0
AGCGTATTCTCGTATT	16.012397666781208	0.5228018083575894	0
AGCGTCGCACGACGAA	27.7066425123813	-1.2083098152781209	0
AGCGTCGGTCCATCCT	-2.8192997044114705	4.014968146906008	0
AGCGTCGTCGCCGTGA	3.8186860701255902	-13.503489206442115	2
AGCTCCTAGGTCGGAT	5.756717700074616	8.255593849875142	3
AGCTCCTAGTGTCTCA	-37.14555936675379	0.5527810909855263	5
AGCTCCTGTGTTAAGA	27.01729975774711	5.476104458736276	0
AGCTCCTTCAACGAAA	5.67153250112346	-9.788397213601426	2
AGCTCTCTCAGAGACG	1.70138573607836	-18.362312683054206	2
AGCTCTCTCATCATTC	5.002597384492906	-14.594002173642433	2
AGCTTGAAGCCTCGTG	6.30284414658041	-15.8380072562985	2
AGGCCACAGTGGGTTG	-13.052991088660352	10.346513341702098	1
AGGCCACCAATGGAAT	8.69546995673206	9.668464310265637	3
AGGCCGTTCATGCAAC	-5.679797789210356	-3.6821460110606394	4
AGGGAGTAGAAGGTTT	-16.21483620552077	8.226665297781958	1
AGGGAGTAGAATCTCC	17.784615274818403	2.72988473378975	0
AGGGAGTAGGCTCATT	20.455301930678978	6.98080421896472	0
AGGGAGTCATGCAACT	-36.162146558633054	0.13927489443510294	5
AGGGAGTTCAAACGGG	-17.02997201105542	14.05696671476758	1
AGGGAGTTCAGTACGT	-32.76867623889534	-6.688732072349047	5
AGGGAGTTCTGCGTAA	-13.969264197283946	9.326685076728856	1
AGGGATGAGGATCGCA	2.6237576284368864	6.653142882039883	3
AGGGATGCAAAGGTGC	19.308825721404236	-4.996652138575117	0
AGGGATGCAACGATGG	8.900056581222298	6.091152415248348	3
AGGGATGTCTCATTCA	9.36276868970344	-5.813131747355064	2
AGGGTGATCCAACCAA	-32.395871413890426	-6.9749103089805216	5
AGGGTGATCGCGATCG	-4.176441322847673	10.258393857826102	1
AGGTCATCACCAGTTA	0.534585924451816	-9.29166946584397	2
AGGTCATGTGTTGAGG	-13.862977413292768	10.058487094934195	1
AGGTCCGCATCGGAAG	-10.662787783094672	11.997088317595962	1
AGGTCCGGTTGCGCAC	-11.51026262803788	7.01100760048305	1
AGTAGTCCACTCGACG	-9.831542613013331	-6.8512918109019525	4
AGTAGTCGTTAAGAAC	-7.02867432408413	-3.994817824987481	4
AGTAGTCTCTTGACGA	-19.639729756433155	5.122589035137566	1
AGTCTTTAGCCTATGT	21.625521189448506	4.93730995148675	0
AGTCTTTCAGATGAGC	8.25264104305563	-0.7850347133089832	3
AGTGAGGAGATGTGGC	15.19013412421447	4.040932993407184	0
AGTGAGGTCACGCATA	8.388737137390528	6.686369808656852	3
AGTGAGGTCCGCGCAA	-10.985126077937926	2.3094210280552523	4
AGTGAGGTCTCCGGTT	24.917089005274924	5.610446799126648	0
AGTGGGACAGATTGCT	19.277186123260005	-1.977409141119238	0
AGTGGGAGTATATGGA	27.935889316657644	-6.025458970752441	0
AGTTGGTAGAGCTATA	-7.240609395742232	16.16736137508349	1
AGTTGGTAGGCTAGAC	20.44928377480986	-3.972283311365347	0
AGTTGGTCAATAACGA	1.9797885104908657	14.566746236366315	3
AGTTGGTCATTGGCGC	-2.9316537203494097	-21.351307663417092	2
ATAACGCAGACTACAA	29.83811811886202	2.0413212455271412	0
ATAACGCAGCCGCCTA	15.630337502356337	4.912912532007498	0
ATAACGCCATTGTGCA	16.353934029054606	-5.442823656933848	0
ATAAGAGGTCGCATAT	-6.87841949304213	16.001984027127275	1
ATAAGAGTCCATTCTA	-3.5713305432707325	-4.044198321502746	4
ATAGACCTCTTTAGTC	-11.345924616860184	9.178418925270817	1
ATCACGAAGAGGACGG	4.397838301920991	-14.216395583640214	2
ATCACGACAGATCCAT	1.4593501769389075	14.467280902658073	3
ATCACGAGTCCAGTTA	-7.499791383355179	-12.792888577849729	2
ATCACGATCAGATAAG	0.4304239378738984	-7.435387003313041	2
ATCATCTAGCTACCTA	-14.633272477280272	14.686836998076862	1
ATCATCTAGTACGCGA	27.943686601245787	0.3706912517752705	0
ATCATCTCAGCTGTAT	-6.202014923791257	14.736484574041429	1
ATCATCTCAGGACGTA	3.0222923362766565	20.793259916270344	3
ATCATCTGTAAGGATT	-16.13621112490504	9.682716553974519	1
ATCATCTTCCTAGAAC	18.161957021665664	-3.4782826440793424	0
ATCATCTTCTCTGCTG	-2.4307373022811762	-23.001788893833588	2
ATCCACCGTGGTGTAG	26.942350722841507	-2.013290238806462	0
ATCCACCTCCCAAGTA	-4.78454611109347	15.776486574367711	1
ATCCGAACAAACGTGG	0.01764020567945201	-16.515445364896802	2
ATCCGAACACTAAGTC	-2.4046077708207836	-21.148668287519666	2
ATCCGAAGTAGCAAAT	24.05584848525764	8.495284798578256	0
ATCCGAATCTGCGTAA	-11.546707406887931	5.928727388023311	1
ATCGAGTTCCCTTGCA	16.12756012676813	-4.44451274304646	0
ATCGAGTTCTGGTATG	-21.804984649816003	-22.07274326436661	6
ATCTACTAGAACTCGG	15.464923302717903	8.95469824931183	0
ATCTACTAGCGTGAGT	28.110391776303125	1.7894211233782766	0
ATCTGCCAGCGTCTAT	-23.375246627083328	-20.97720922189059	6
ATCTGCCAGGTGTTAA	23.04090769355604	3.846302369188805	0
ATCTGCCCAGTTTACG	29.95005013564006	3.705964876058077	0
ATCTGCCTCAGATAAG	-12.914125426093433	18.89573141910405	1
ATGAGGGAGAACAACT	27.956489601151578	-1.941499282389694	0
ATGAGGGGTCACTTCC	-32.897884322499564	-5.5970643765575785	5
ATGCGATAGATCACGG	-36.88891333125533	0.5355869891508196	5
ATGCGATCACACCGCA	5.700261040446159	-9.180542124188364	2
ATGCGATGTGATGCCC	-13.500936777903647	20.151740339449024	1
ATGCGATTCTAACGGT	-36.421220644923565	-4.711134542539506	5
ATGGGAGTCGCTTGTC	-10.9590155379799	14.681362543708882	1
ATGTGTGGTCGCTTTC	27.82270842195473	6.721539389648976	0
ATGTGTGTCGCTTGTC	-10.270495538404823	18.050779262292156	1
ATTATCCCAGTGGAGT	-10.324287753626594	-4.976537306089642	4
ATTATCCTCAACACAC	-10.73407190048823	20.212807779552882	1
ATTATCCTCTCGTATT	26.30477573948514	-6.010605263502573	0
ATTCTACAGGCAGTCA	26.57180066543314	-10.022288742763307	2
ATTCTACGTTCACGGC	18.357212992141996	-2.2750419524915904	0
ATTGGTGAGAGACTAT	0.4087642549385378	-17.607631830915565	2
ATTGGTGGTCCCTTGT	-13.479670324982152	-2.454343860674423	4
ATTGGTGTCAGTTTGG	-0.4004994760679444	-16.66192405369275	2
ATTTCTGAGTCATGCT	10.658735202764168	-2.663704222876815	0
ATTTCTGAGTTTCCTT	-13.390343967375303	16.258629340133133	1
CAACCAAAGTGTCCAT	0.6713990365622929	-18.32346136102861	2
CAACCAACAAGAAAGG	-11.96264342865089	-5.944431216678052	4
CAACCAAGTAATTGGA	12.775801733328528	-4.063083483990798	0
CAACCAATCTCGATGA	4.146050704455749	7.33080264613449	3
CAACCTCAGCGGCTTC	2.3298560160024744	19.94825048271381	3
CAACCTCTCATCACCC	-37.70929512388376	-3.9638659277635564	5
CAACCTCTCGCTTGTC	3.3931221986745266	7.654670135145554	3
CAACTAGCAGTAAGAT	23.739139888515655	-4.987221774296257	0
CAAGAAACATCAGTAC	-13.178693586937161	19.86679174908795	1
CAAGAAAGTCTAACGT	28.788145212494353	-2.0134306237164794	0
CAAGAAATCCCACTTG	2.2631268792601436	15.922321444936705	3
CAAGATCAGAACTGTA	1.9495450451776652	-18.61841916295212	2
CAAGATCGTAAGTGTA	-34.962464924738754	-4.24350550921481	5
CAAGGCCAGTACGATA	19.87342860223315	-0.7255970002326522	0
CAAGGCCCACGGTGTC	-3.1667619512998604	-4.373373744453303	2
CAAGGCCCATAGGATA	14.714602252689586	-6.288896737703178	0
CAAGGCCGTGACCAAG	-35.79273856782841	-5.671131130394032	5
CAAGGCCTCATGTCCC	-1.7816527939797817	-23.635658279775274	2
CAAGTTGAGCCACGTC	-12.84811316260573	0.960646216828121	4
CACAAACGTATTAGCC	15.343230023320693	-3.671075070298607	0
CACACAACACATTCGA	22.800269399057253	3.4294635632917294	0
CACACAAGTCGCATAT	30.118648409201082	0.3661094579838848	0
CACACCTGTCATACTG	27.142536467844337	-6.949038452628776	0
CACACCTTCCAACCAA	29.166849285570787	-8.7551013170994	0
CACACCTTCTCGTTTA	-8.707978759751416	-10.622750496254184	4
CACACTCAGCTAACAA	3.177295291316367	19.06350470113077	3
CACACTCGTGCAACGA	-10.988873630238308	8.565026163834798	1
CACACTCTCATGCATG	17.232987787162916	4.278235057962895	0
CACAGGCAGCAGGTCA	-21.148892209149793	-22.815454464365644	6
CACAGGCGTCCGACGT	16.442231496092994	-6.465974194037779	0
CACAGGCGTCTCTCTG	-4.392812418020108	-8.250013692793768	4
CACAGGCTCGGTCTAA	5.529618041781326	11.044254349403523	3
CACAGTACACCACGTG	30.135699617445162	4.882369743551556	0
CACAGTAGTTTAAGCC	16.119091951650336	0.27004509840685503	0
CACAGTATCCTGTAGA	-16.33324367993801	17.744409241088675	1
CACATAGCACAACGCC	-13.715630263699937	18.87745153898724	1
CACATAGTCTACCAGA	-37.62927433562314	-4.513187516088549	5
CACATTTAGACAATAC	8.123767703201178	3.3109543629014992	3
CACATTTCAAGGACAC	23.62391998800325	6.427066429254446	0
CACATTTGTAAAGGAG	-18.846589175523068	8.114140563708055	1
CACCACTAGTGGTAGC	-16.346633058397824	15.945691240177005	1
CACCACTCATTTCAGG	29.28773839887081	0.7330972013506615	0
CACCAGGAGTGTGGCA	-20.815081992340556	-21.038545837802285	6
CACCAGGGTAGCCTCG	-2.3008155803224417	-20.727908850336238	2
CACCAGGGTTTGGCGC	10.435574752019141	4.738508194732875	0
CACCAGGTCCAGTATG	-11.998998837286885	-5.973972167471616	4
CACCTTGAGCTAGTTC	2.152497090862657	14.925416986200299	3
CACCTTGCACAACGTT	-12.28621944701109	19.253673529867342	1
CACCTTGCATGGTCTA	26.30707334904201	-7.770162983765259	0
CACCTTGTCCTAAGTG	-9.68469067201039	5.135206118134745	1
CACCTTGTCGCCTGTT	-4.554289021119554	9.338675659643927	1
CACTCCAAGTAGGTGC	-8.815653097624386	-0.4865701175102101	4
CACTCCACATTGGGCC	-12.104498265811745	13.930085017908317	1
CAGAATCAGCGCCTCA	-34.658237160189984	-6.615705759392646	5
CAGAATCTCCACTCCA	-10.589366141588625	-6.267573488443877	4
CAGAGAGGTACGCTGC	22.88126556213632	-3.051634081116589	0
CAGATCAAGTAGGTGC	-0.8363108954972169	-24.158464965583196	2
CAGATCAGTACAGCAG	-3.5276496665596033	-23.1962318500412	2
CAGCAGCGTGCACTTA	-15.215162998191385	16.552474159112133	1
CAGCATACACTGTGTA	-20.29768556510746	8.830025824632065	1
CAGCATACATGCGCAC	0.656518871130222	15.58263099694022	3
CAGCCGAAGATATGCA	7.696229997265418	4.538313026504786	3
CAGCGACAGACACGAC	2.4156376733140754	-13.583841361819598	2
CAGCGACCAGCATACT	-8.308989387528586	10.914526419359545	1
CAGCGACCATCCGGGT	0.03239299049902166	-15.470439757776097	2
CAGCTGGAGACTGGGT	28.712272393756102	-1.0270372800001646	0
CAGCTGGCAGGGAGAG	24.85265676867272	-2.9420426825496335	0
CAGCTGGTCGTCTGAA	4.316295560887669	-17.572406511203262	2
CAGGTGCCACGGTAAG	-20.534786606352267	10.009246717169006	1
CAGGTGCCAGGCTGAA	-13.914465192541886	19.481701749239168	1
CAGGTGCGTCTGATCA	21.960921648653535	6.762382619642233	0
CAGTAACCACGGACAA	-31.856795925822574	-6.815865444677784	5
CAGTAACTCCTTGCCA	27.43639512357446	-8.605626615527795	0
CAGTCCTCAATTCCTT	0.7171108344505603	-8.414639955123526	2
CAGTCCTTCGGAATCT	32.12298815201907	-2.096413434966711	0
CAGTCCTTCGTCACGG	-13.466891115322694	-3.288917614329594	4
CATATGGCAGACGCCT	-18.79309272969006	10.804067357609927	1
CATATGGTCCGCGGTA	3.1730584498379533	13.83562187648433	3
CATATTCAGATAGGAG	20.155752372291925	4.082599273982985	0
CATATTCCAGACACTT	-34.47104285405163	-6.1185688428279805	5
CATATTCGTCGATTGT	22.711140548459934	7.5597536412659965	0
CATATTCGTGCGCTTG	0.7261885367943088	-8.674006835365164	2
CATCAAGTCAGAGGTG	-20.059128447247254	-20.938184791641483	6
CATCAAGTCAGGTTCA	-17.465361464704696	4.8661638841795805	4
CATCAAGTCGGACAAG	-8.934920909443164	-2.8464405110263478	4
CATCAGAAGACTGGGT	-19.451905006940464	-19.99592978458776	6
CATCAGAAGCAGGTCA	-11.933431049813672	-1.692227853308464	4
CATCAGAAGCTTTGGT	19.184544430182758	11.573697172912132	0
CATCAGACAGGTCCAC	-20.1407246305987	15.880015583125068	1
CATCAGACATTATCTC	-4.1756038234059405	9.425188405280979	0
CATCCACCACCGAATT	-37.29431228087519	-4.6140451296532445	5
CATCCACGTTCGGCAC	22.40654057608111	8.885810743616684	0
CATGACAGTTGTCTTT	-22.037790138364823	7.933042489126098	1
CATGCCTGTCTAAACC	5.757784271396503	-15.31431742355068	2
CATGCCTTCACATAGC	-7.787016234126069	-12.66709044160246	2
CATGGCGAGCTCCCAG	-34.51184588817065	-3.706884495246518	5
CATGGCGAGGCATTGG	12.314771490667047	-4.290987240822669	0
CATGGCGGTGTGCGTC	16.83623811884715	-8.656874921122403	0
CATGGCGGTTTAGCTG	1.2993915613266016	14.518639727794797	3
CATGGCGTCAAGATCC	15.276162418845594	0.8749481109077043	0
CATTATCCACTGCCAG	-38.08459421385077	-3.9041345435940107	5
CATTATCCATTTGCCC	-17.15543408493393	17.02423900131004	1
CATTATCGTTGTCGCG	-16.743466297586252	13.51528662560492	1
CATTCGCCAAACTGCT	26.650763542721865	0.8644551944818003	0
CATTCGCGTTCCATGA	3.8414981972520716	-15.706930949192841	2
CATTCGCGTTTCCACC	5.3659413837068914	-14.28987795869805	2
CATTCGCTCACGGTTA	-7.832639313238768	14.828704667696718	1
CCAATCCAGCTAGTGG	27.64194008267826	-7.194031126118579	0
CCAATCCGTAAGTGTA	-13.873495144292948	9.285062476999222	1
CCAATCCTCTCGCATC	3.9658971385865653	-8.767458522578242	2
CCACCTATCCTTGGTC	-4.809291508495113	-20.99691177734421	2
CCACGGACACACATGT	-10.13773034722218	-7.229725373256005	4
CCACGGAGTCTTTCAT	-16.73334585887791	11.46312603234165	1
CCACGGATCAGTTAGC	5.658063402225767	11.927348750633017	3
CCACTACTCTAACTTC	21.351563667185562	6.224483799184555	0
CCAGCGACATTCTCAT	0.18352563352084708	-10.480614027413807	2
CCAGCGAGTAGAGGAA	1.9114821510455724	-1.1149658903094615	3
CCAGCGATCTATGTGG	1.8653009748760054	18.839443918507644	3
CCATGTCCAAGAGGCT	9.508167746720142	5.893962165367147	3
CCATGTCTCCGCTGTT	16.21740122252821	7.14664189072518	0
CCATTCGCACCAGGTC	-11.390700618514233	5.269691390336438	1
CCATTCGTCACCTCGT	6.572113127464634	-14.42545379808124	2
CCCAATCAGAAACCGC	-0.4199299538142725	14.296336020739613	3
CCCAATCAGACCTAGG	-16.107406407222605	17.376881849192035	1
CCCAATCGTGGACGAT	-9.276800567418537	7.782994828758505	1
CCCAATCGTGGTAACG	-4.880738776001259	-22.357510750934207	2
CCCAGTTAGAAGATTC	-17.043089856240275	5.0254961033963115	1
CCCAGTTCAATCGAAA	-18.01415876556617	19.038252099452098	1
CCCAGTTTCACTGGGC	20.296583477161274	2.751374833503638	0
CCCAGTTTCTGCTGCT	19.139098318477917	2.9196219021780867	0
CCCATACAGCTTTGGT	-12.701642176227837	19.459718501471862	1
CCCATACCACCAGGTC	-2.4924284447846343	-24.45734865593417	2
CCCATACCACCTGGTG	21.41100638511875	0.8360418444888542	0
CCCATACTCAAACGGG	-19.440298555631454	14.655061421893235	1
CCCTCCTCAGTCAGCC	5.388763853765664	12.163682659917873	3
CCCTCCTCATAAAGGT	-11.664470749299358	20.98251003420161	1
CCCTCCTGTTGCTCCT	31.965977210096842	-4.020195843660046	0
CCGGGATAGAATAGGG	19.782418819062055	5.215061620596907	0
CCGGGATAGCCAGTTT	1.411336505953683	-23.10676131953223	2
CCGGGATCAAGAAGAG	28.616517717510387	2.9228006913051434	0
CCGGGATGTAGCACGA	-20.24336489259493	-21.06572023100824	6
CCGGTAGAGATATGCA	20.866264541247702	4.7974165854961255	0
CCGGTAGCAGTCAGAG	3.9287992072994076	-14.786962520868965	2
CCGGTAGTCTAGCACA	10.115175206285882	5.269839939683542	0
CCGTACTGTAGCGCTC	30.148364363564443	-8.463674521830912	0
CCGTACTGTTCTGGTA	-20.024138545258015	6.43728657671943	1
CCGTACTTCTGTTGAG	-1.8466362124288325	-11.544137084525701	2
CCGTGGACATTCTTAC	13.840238983812936	8.427000309631849	0
CCGTTCAAGGCAGGTT	20.587119680416624	-2.4339811641373865	0
CCGTTCAGTAAACACA	15.356957993653856	6.085830306893633	0
CCGTTCATCACAGTAC	-12.926355404478542	14.145901240872837	1
CCTAAAGAGAGTTGGC	-21.66831016734896	-19.42814403408736	6
CCTAAAGAGTGTGGCA	-8.070889228446188	-11.51643060870454	4
CCTACACGTCTCTTAT	8.93950770866707	7.4913799897024855	3
CCTACACTCAGTTAGC	-7.179144752978426	11.184296517390962	1
CCTACACTCGATAGAA	-23.380549210101755	5.792532950928064	1
CCTACCAGTAATCGTC	-21.884709455370906	-22.719406592872502	6
CCTACCATCACCCTCA	-23.870077145406654	4.4380581881664645	1
CCTAGCTGTATCTGCA	-5.610293270583864	12.741475721555952	1
CCTAGCTTCATAGCAC	-11.680451531903824	17.055262985337265	1
CCTATTACACAAGCCC	-3.758089696875031	-24.55602791876654	2
CCTATTATCATCGATG	14.066542342634243	-7.512957075390797	0
CCTATTATCCGAATGT	-17.93197523307823	17.71117125937493	1
CCTATTATCTGAGTGT	-1.2274015544088617	-18.969267196210716	2
CCTATTATCTTGTCAT	25.1218384852683	5.006211716569087	0
CCTCAGTGTCTAACGT	20.24941901792136	-5.332088301246256	0
CCTCAGTGTCTGCGGT	-12.218569321311058	-2.447786202108069	4
CCTCTGACAGCAGTTT	-2.6146372118546295	-22.515311899005848	2
CCTCTGACATACGCCG	-0.27836952117789254	-11.270520925126576	2
CCTCTGAGTCTTCTCG	5.72224312947627	-10.386038631300636	2
CCTCTGATCATGTAGC	-17.642012821347013	14.379445336459662	1
CCTCTGATCTGCTGCT	25.277995794404035	-1.71680888775478	0
CCTTCCCAGAGCTGGT	24.531460775006952	8.373440622144477	0
CCTTCCCAGCTAAACA	15.10471599524612	4.829842226264357	0
CCTTCCCAGGCCCGTT	-15.643635007818611	15.341817721430544	1
CCTTCCCGTCTTCGTC	27.616045148952285	2.230565346411961	0
CCTTCGACAGACAAGC	4.535754455240027	4.078574266546083	3
CCTTCGATCGACCAGC	-19.912127885112085	8.171965463826886	1
CCTTTCTAGTTAGGTA	11.608682049917725	-1.6394129173536038	0
CGAACATGTAGGGACT	-22.821700262929514	6.075302859154351	1
CGAACATGTATGCTTG	21.554953051948193	5.798238589925926	0
CGACCTTCAATGGACG	16.341058681487098	5.161929824431297	0
CGACCTTCATACCATG	17.61103065	-1.1765156870291746	0
CGACCTTCATTGGCGC	-13.335408586663792	18.523738560161576	1
CGACCTTGTCGGGTCT	13.905786074637607	-4.681274578283153	0
CGACTTCAGGCCCTTG	-8.385295625276374	10.974755661842215	1
CGACTTCGTGAAAGAG	-11.425624120586967	-5.848384078280683	4
CGACTTCTCTACTTAC	5.59724038953259	8.713817633611487	0
CGAGAAGAGCATCATC	22.932924781551623	3.9279404479379267	0
CGAGCCATCTCCAACC	-10.242279046242432	-1.0519165269449335	4
CGATGGCGTCGACTAT	-19.841855571864816	16.24658501633196	1
CGATGGCGTTGATTGC	13.254882361775515	-0.6126418764723447	0
CGATGTAAGCAATATG	-34.13478956481875	-5.4695841024400425	5
CGATGTAAGGCTCAGA	6.404652743922084	3.8703753071235223	3
CGATGTAGTAAATGTG	-31.813600663563246	-3.3043160330303416	5
CGATGTAGTCTAGAGG	22.844211217318488	-0.8964885692021173	0
CGATGTATCTCTGAGA	26.84867878913362	0.7346378141906607	0
CGATTGACACATCTTT	-10.519664227473605	8.22714025770114	1
CGATTGAGTAGCTCCG	14.73413405958673	-0.7615151446497977	0
CGATTGAGTGCATCTA	15.320671251842864	-2.4127473929650782	0
CGATTGAGTGCTCTTC	-16.859810553695105	11.838405260517845	1
CGATTGATCACATAGC	13.347095589109612	4.6183350243077745	0
CGATTGATCAGCCTAA	-20.411670002546398	-20.562586657918803	6
CGATTGATCGTCGTTC	30.09559160962186	-6.154972274220426	0
CGCCAAGCAAGTAATG	-22.259028684790213	-21.30384040136202	6
CGCCAAGCACGAGAGT	6.521365267350029	-7.720912670634164	2
CGCGGTAAGTTAGCGG	11.291641120085002	-0.747317331477086	0
CGCGGTAGTAAATGAC	-0.9835287511497143	14.633683319760664	3
CGCGTTTAGTACCGGA	28.084548949573726	-4.594444439041093	0
CGCGTTTAGTCTCAAC	-12.727079131856238	10.864688061225346	1
CGCGTTTCATCTCGCT	19.200492484886368	-5.125103228972108	0
CGCGTTTTCCTCTAGC	-10.217487436586863	-1.181395629100406	4
CGCTATCCAGGAATCG	27.783336430287793	3.0131962434102966	0
CGCTATCGTGACGCCT	13.824064346935812	7.853612375964567	0
CGCTATCTCTCTTGAT	30.994112175827354	-1.1257263214308244	0
CGCTGGAAGAGTCGGT	-10.31635678897281	6.246519885334276	1
CGCTGGAAGGAATCGC	-19.00294053624102	16.31094168528928	1
CGCTGGACACAGGAGT	-12.938513407664354	8.928048475631646	1
CGCTGGACAGTTCATG	-20.52506152261761	14.946133156266853	1
CGCTGGAGTTCAGTAC	-1.7191121084502747	-19.63860534607615	2
CGCTGGAGTTGCTCCT	11.03588042313635	1.42405518204371	6
CGCTTCACAGTAAGAT	-20.745667907846595	5.513391018131611	1
CGCTTCAGTCCGTCAG	-35.64087016390059	-2.640093724144717	5
CGGACACGTAAGCACG	-13.19599311401166	4.786424672513761	1
CGGACACGTAATCGTC	-19.906748863892517	8.939116983222098	1
CGGACGTGTACAGCAG	-11.31597206958543	6.823021333290245	1
CGGACGTGTGTGCCTG	4.42647998540947	-12.759370641008935	2
CGGACGTGTTGGGACA	2.992914463023508	-6.1430211371325525	2
CGGACGTGTTTGGGCC	8.250210162326281	8.52929079563347	3
CGGACTGAGGCATTGG	-32.39309860371475	-6.139497641109012	5
CGGACTGAGGTGCTTT	25.061922235938688	6.695078477575767	0
CGGAGCTGTCCAGTTA	2.3158602922310956	15.194359610260031	3
CGGAGCTGTGGGTCAA	-20.94080584591902	-20.318657285386266	6
CGGAGCTTCCAGTATG	3.23200048952191	-0.819369108382656	3
CGGAGCTTCGGCGCAT	-35.58928912457603	-4.318907743739921	5
CGGAGTCCATCCTAGA	-19.776960189256357	-22.9805207054911	6
CGGAGTCTCCGTAGGC	1.1173830201610844	13.889445186648294	3
CGGCTAGAGACCGGAT	-7.235229275556382	14.63091118312462	1
CGGCTAGAGATATGGT	20.161875531602913	-2.466930380575999	0
CGGCTAGGTCCCTTGT	-9.820963987601655	2.93994219495214	1
CGGGTCACATTAGGCT	19.78326995901529	6.608439441837527	0
CGGGTCAGTCTCTTAT	-35.53944338487888	-0.29975793527371863	5
CGGGTCAGTGCACTTA	27.092230379767877	4.282060340415771	0
CGGTTAATCCATTCTA	-6.24063802231506	-21.70865517949085	2
CGTAGCGGTTTAGGAA	-9.637729282737839	-1.3527436471049903	4
CGTAGCGTCGAGCCCA	-15.752617689870144	12.351073793319404	1
CGTAGCGTCTCGATGA	29.101171520767664	-4.532723045685821	0
CGTAGGCGTCTCGTTC	20.3402417905115	11.356560697940765	0
CGTAGGCTCCGTTGTC	-22.87086285618218	5.272989451826351	1
CGTAGGCTCTCTGTCG	9.152352803209697	9.532544505387637	0
CGTAGGCTCTGCGACG	-10.283161988432314	5.221793303431461	1
CGTCACTCAGTCACTA	-6.144192716315898	15.096404600981407	1
CGTCAGGCATGCTAGT	22.36310059061359	7.349472341334878	0
CGTCCATAGTGCGTGA	16.047031227885462	-5.750536603991879	0
CGTCTACAGACCACGA	-5.775060044413298	-22.043612886099663	2
CGTCTACAGTCATGCT	21.05922376718915	10.647255469079608	0
CGTCTACCAATCGAAA	-21.986103376014555	6.470879591283739	1
CGTCTACTCAGTTCGA	3.336701530131488	18.89550470469364	3
CGTGAGCCACTTACGA	15.831160607018141	-2.7757864084492754	0
CGTGAGCCATTGTGCA	-11.580323631269259	-3.4505267827739527	4
CGTGAGCGTTCCGTCT	-14.03771895832615	16.573172664074377	1
CGTGAGCTCCCTGACT	-35.77291320506969	-2.9986293862454416	5
CGTGTAAGTCCGTCAG	8.152033972920568	5.866416714921082	3
CGTGTCTAGAAGGCCT	5.112381622719729	5.4824697658069	3
CGTGTCTAGTTGAGAT	-5.624143678790384	-21.738390418396026	2
CGTGTCTTCCTTGACC	-6.573476867159	-9.533240948871715	4
CGTGTCTTCTTTACGT	7.539598602534574	-18.127017549910544	2
CGTTAGATCAAGAAGT	3.917716393898792	-15.14610846837186	2
CGTTCTGCACGAAGCA	3.554758275142517	-15.77014084719487	2
CGTTGGGCAGGGCATA	5.396143601131536	5.88301566354465	3
CTAACTTTCACTTACT	-12.727875269693952	9.509002793377121	1
CTAAGACAGATGTGTA	-12.702704492509824	13.4574736968127	1
CTAAGACGTCATTAGC	2.6511535422725103	18.911127678505267	3
CTAATGGAGCTGTCTA	14.17099075427722	-7.018692808115535	0
CTACACCAGTTGTCGT	2.3281793776916473	17.381928874729326	3
CTACACCCACGGCCAT	-35.72334373236181	-3.2550777770290495	5
CTACACCCATTCCTGC	4.385756425185526	10.89633027361018	3
CTACACCGTAGTAGTA	-31.749916993805204	-5.994410921541728	5
CTACACCTCTCCAGGG	-8.787050336974204	-0.09341146789932192	4
CTACATTAGTTGAGTA	4.932755945484669	-12.710096497788072	2
CTACATTGTATATCCG	1.8410649093859635	1.1591655010910054	3
CTACCCAGTCGAAAGC	-20.39582227080182	13.681096000397988	1
CTAGAGTTCGGTTCGG	15.69456074669764	9.23388903452069	0
CTAGTGACAGCCTTTC	16.128452602628027	-4.3793961222613	0
CTAGTGAGTGTGACGA	5.274189038334822	-11.756719037282542	2
CTAGTGATCATGTAGC	4.940412963995778	19.785181897739996	3
CTCACACTCATTCACT	13.499600652594182	-4.045726668148888	0
CTCACACTCCGCAAGC	6.9320000589389315	-10.563464556383261	2
CTCACACTCCGTTGCT	-23.463651512369037	5.565761862018138	1
CTCAGAATCGATAGAA	4.64300529270943	-10.00274525476745	2
CTCATTAAGTACGTAA	-15.854832089803647	19.617543767260532	1
CTCATTACAGATCGGA	-7.841346567188702	-8.475352874724495	4
CTCATTATCATGTAGC	7.752799103144279	5.890404218142281	3
CTCATTATCATGTCCC	-11.641378331633693	14.293486608887283	1
CTCCTAGAGCTGAAAT	-11.918556878425935	14.803389572845942	1
CTCCTAGGTTTGACTG	19.738381297525198	-2.61963039363696	0
CTCCTAGTCACTGGGC	7.457090991672894	5.58759731222528	3
CTCGAAAAGGATTCGG	-10.049929582658134	0.6450494648507885	4
CTCGAAACAACGCACC	13.355415193235155	4.783938279301504	0
CTCGAAACATTCGACA	-24.410706046298802	-19.973798542611387	6
CTCGAAATCAGCGATT	-21.550628638697642	-21.2104819868608	6
CTCGAAATCCAGTAGT	-18.85471144592613	-21.420308939996843	6
CTCGAGGAGACGACGT	4.061540168742044	1.7581273660893675	3
CTCGAGGCAAAGGTGC	25.210026847804826	-1.468254519977554	0
CTCGAGGGTGCACCAC	17.75655475029117	-3.37350561995066	0
CTCGAGGTCCGATATG	30.76475541724383	-5.106143381923701	0
CTCGAGGTCGTCGTTC	30.88433629581808	-0.06852323683338674	0
CTCGGAGCAAGTTGTC	-15.187084475972243	14.51882938880386	1
CTCGGAGCATCACCCT	-6.84150416958352	-0.11956279029230424	4
CTCGGGATCGTCCAGG	-23.804669264746124	-20.176660198466237	6
CTCGTACAGACGCTTT	25.786729113707924	3.2727015938919726	0
CTCGTACAGTCATCCA	-8.195601292830073	12.11089704235938	1
CTCGTACCACGGCCAT	21.845661739106017	3.8533882190233255	0
CTCGTACCAGGTGCCT	24.56721155018749	6.746771200802962	0
CTCGTACGTCACCTAA	-1.8332153988282185	-19.667273811741186	2
CTCGTACGTCGCGGTT	25.149412554835433	0.6581291077526626	0
CTCGTCAAGCGAGAAA	30.33062788301106	-5.149611162262624	0
CTCGTCAAGCGATATA	-2.248894652746715	-23.19358163600103	2
CTCGTCATCTTCATGT	2.9157442011010177	-3.517051816030872	2
CTCTAATAGCCAACAG	-9.36490507831351	9.033192955287637	1
CTCTAATGTAAAGGAG	10.171650330857366	-0.37057344353712135	0
CTCTAATGTGGTAACG	-1.4631539959769428	15.487853325395104	3
CTCTACGAGGGCTTGA	25.76748405424535	2.612254061894202	0
CTCTACGTCCACGACG	-19.261176843708913	12.310863594627195	1
CTCTACGTCTCAAACG	4.439683893096161	2.748149455032763	3
CTCTGGTAGTCTTGCA	-19.04172834532369	12.235185719025576	1
CTCTGGTCAAGCGCTC	19.237535712675378	-5.174702560710762	0
CTCTGGTGTTAGTGGG	28.35552063486376	-7.984498137682151	0
CTCTGGTTCGGATGTT	20.515813051686713	4.344353382344783	0
CTGAAACCAGGCTCAC	0.839581451125052	-25.017811284935817	2
CTGAAACGTACTTAGC	16.792813913884395	-8.976111135625425	0
CTGAAACTCCGTCATC	-37.604128629502576	-5.092866223930839	5
CTGAAACTCTACTTAC	-23.325855734170514	5.092339144654789	1
CTGAAACTCTCGATGA	14.005400053810055	6.0309835943199595	0
CTGAAGTGTCGACTAT	-6.728718792740892	17.17063206874712	1
CTGATAGAGTATGACA	20.4174248085685	2.8936881410623028	0
CTGATAGCATGGATGG	-20.135714434931142	15.362296993141026	1
CTGATCCAGCCACGTC	5.260599118381864	-13.423366600463238	2
CTGCCTACACGGCCAT	25.074857234034358	8.109631422168114	0
CTGCCTATCAAACCAC	-4.862633099692452	-5.428239275688087	2
CTGCGGAAGACAGACC	2.70730938236666	-2.39377069242712	3
CTGCGGACACGCCAGT	5.236175576259863	6.2248207900335775	3
CTGCGGATCTCGGACG	6.743583073178326	-17.581416651734813	2
CTGCTGTAGGGATACC	17.109840800467005	4.075548191128083	0
CTGGTCTAGGATATAC	-3.5994012725399998	-21.36656007476804	2
CTGGTCTCACCAGCAC	-15.830650558029289	10.066443993002354	1
CTGGTCTCAGCCTGTG	-3.9157516816082074	-5.091689194338803	4
CTGGTCTCAGGATCGA	4.599203942783121	-15.032922261073603	2
CTGTGCTAGTAATCCC	24.315252787536913	-5.128150170730401	0
CTGTGCTAGTCCCACG	-6.666380719450576	14.00091488764934	1
CTGTGCTCAATGACCT	17.46473729980025	-6.348370672507617	0
CTGTGCTCACAGCGTC	-13.68836630849449	13.642530444929603	1
CTGTGCTGTAGAAGGA	20.000917692097868	-3.7909887414446706	0
CTGTGCTTCACTGGGC	-12.83812218605204	-0.3027591733021143	4
CTTAACTAGTTGAGTA	20.121754936221524	-1.4505047338244559	0
CTTAACTCAAGGTTTC	15.804486439004497	8.394534728552497	0
CTTAACTCAAGTAATG	2.530159508132986	3.263871694590952	3
CTTAACTCACGTGAGA	-11.941717830103446	21.054736084991372	1
CTTAACTCATGGTTGT	-10.06766352382914	11.769955619380202	1
CTTACCGCAGACGCTC	-15.500605633958259	11.177512102678675	1
CTTCTCTAGATCCCAT	-7.4238466656217605	15.182719418779385	1
CTTCTCTAGGGCTCTC	6.73976791690348	2.600785158145738	3
CTTCTCTCAATAGCAA	3.183994963712675	-16.04430944925915	2
CTTCTCTCATTCACTT	20.52733670034618	-0.3425207279744092	0
CTTGGCTCACCACGTG	5.896603663025766	7.529324796783575	3
CTTGGCTCACCGTTGG	5.315849499857239	-13.884625392810797	2
CTTGGCTCACGAGAGT	-2.241082522318461	-19.209323518471212	2
CTTGGCTGTAAACGCG	20.473305400633972	5.294744817346617	0
CTTTGCGCAGGAATGC	-13.329941429404537	11.344838976796627	1
CTTTGCGCATCGGACC	-3.986110313741925	-8.536685125374955	2
CTTTGCGTCACTATTC	-34.68301433485129	-5.559687770179833	5
CTTTGCGTCCGTCATC	-6.021661452438911	-3.783205362866229	4
GAAACTCCATCAGTCA	29.460943101852532	-0.0010532167165667977	0
GAAATGAAGACTTTCG	20.47167781202734	7.4847726493761275	0
GAAATGACAACTGCTA	-37.007380656503635	0.4998490699779551	5
GAAATGATCAACACAC	-13.22682008425458	-0.8377484875538079	4
GAAATGATCCGAATGT	-22.73292725623789	6.800918588358673	1
GAACATCAGGCGATAC	4.249479148196719	13.17203953616448	3
GAACATCGTCTAAAGA	-10.386351062009528	6.497090738303039	1
GAACATCGTCTCTTAT	3.6464460369392167	4.5142407538568055	3
GAACCTACATTTCACT	-21.50720864331143	-15.97571293324579	6
GAACCTATCATCTGCC	0.07552582935634178	-12.201040226098263	2
GAACGGAAGGGCATGT	-18.988240454284234	11.666440106616887	1
GAACGGACAAGCCTAT	4.769606616154273	-17.982458108226062	2
GAACGGATCTTTCCTC	31.45838791246066	-1.4884073928282306	0
GAAGCAGCAGCGTTCG	-4.693797750619878	9.30437216076451	1
GAAGCAGGTCGGCTCA	-6.003256260919397	15.769209568089899	1
GAATAAGAGAAACCTA	4.457834105519308	12.727957783246609	3
GAATAAGCAGCTGCAC	29.261273007778726	-8.025110652126079	0
GAATAAGGTCGAACAG	7.022163622180087	-4.932854853584414	2
GAATAAGGTGACGGTA	2.4435044241914072	-15.28367511847341	2
GAATAAGGTGTTAAGA	20.076000121100314	10.864513008204367	0
GAATAAGTCTGCTGCT	-20.96953762685194	-20.508653840456187	6
GAATAAGTCTTTCCTC	27.99282395016375	6.826578608253543	0
GAATGAAAGGGATGGG	-7.703719382149873	-13.323770282155142	2
GAATGAATCAACTCTT	9.993175867809693	-3.5720089568974402	0
GAATGAATCTCCAGGG	-24.45718261555277	4.062518316543941	1
GACACGCAGACACTAA	-9.646308747266163	8.913692775350864	1
GACACGCAGTGGAGTC	-20.181948380385766	10.356016364957009	1
GACACGCGTAAATGAC	6.727117432019373	11.078910922669785	3
GACACGCTCAAGGTAA	10.496567871208358	-3.1442286697271644	0
GACAGAGAGAACAACT	7.711109735801685	3.9193054080170326	3
GACAGAGCAAACGTGG	28.706372441089645	0.24266749399883503	0
GACAGAGGTCCCTTGT	5.241345951651061	-18.62616526431508	2
GACCAATAGGTGCAAC	-12.205976762555329	15.771239641593919	1
GACCAATCATTTGCCC	-10.687427602856797	13.914818902573515	1
GACCTGGCAATGGAGC	3.3596494998956445	-14.10810254490104	2
GACCTGGGTCAAGCGA	15.82632099872524	5.715943348779501	0
GACCTGGGTCTAGAGG	23.99798643477126	0.8075395475432486	0
GACCTGGGTGTGCGTC	26.066577240868234	-1.7509560106202842	0
GACGCGTAGACGACGT	-33.90534759267652	-6.127288124423937	5
GACGCGTAGGCAGTCA	9.384161498650494	4.357426638616205	0
GACGCGTGTCTGCAAT	-17.421041929714693	16.64740613751268	1
GACGCGTGTGATGCCC	-11.123171168399198	-1.6200978533921901	4
GACGCGTGTTCGAATC	-12.049430719054575	16.155088669728176	1
GACGGCTGTAAAGTCA	-17.698506693305387	18.03953371119722	1
GACGGCTGTCAGAATA	13.45325080756486	1.4897925475044274	0
GACGGCTGTTGCCTCT	22.023416573426726	-8.377585612398274	0
GACGTGCCAAGGTTTC	-1.3193800996240288	-14.237336869366917	2
GACGTGCGTAACGACG	-14.322716569398223	9.594917196677676	1
GACGTTAGTGACTCAT	7.187162794699968	7.6019167774074035	3
GACGTTAGTGTGCCTG	25.01493042444925	2.4926883295166995	0
GACTAACAGATCGATA	5.069360507002271	-8.982796553502334	2
GACTAACCATGTAAGA	-13.760550204483483	-1.3361365518025672	4
GACTAACGTCCGCTGA	5.714143245707486	-11.66187432027734	2
GACTAACGTCGACTAT	22.149982632414694	5.092108515092477	0
GACTACAGTAAGGGAA	22.44068172146715	-3.048943840233939	0
GACTACAGTCGCGAAA	18.574511705680926	4.406706598940385	0
GACTACAGTTGGTGGA	6.119268127400252	10.898793503963995	3
GACTACATCCTTAATC	7.140565453736925	10.987484472279913	3
GACTACATCCTTGCCA	-7.5517012196183435	18.817276554754844	1
GACTGCGTCGTCTGCT	-11.95766291953239	-2.71631758775742	4
GAGCAGAGTTCAGGCC	29.214402463577265	-8.191751977378768	0
GAGCAGATCTAACGGT	27.643733012757558	-2.2046756820835096	0
GAGGTGAAGCAGCGTA	18.925891042908727	-0.39232137501482595	0
GAGGTGACACTCAGGC	-11.266450764349974	-4.0660600145531385	4
GAGGTGACAGCTCCGA	-33.082744086943116	-7.916546416479818	5
GAGTCCGAGACCTAGG	4.4711873726957405	-11.06283004527919	2
GAGTCCGCACCTCGGA	5.225338204388465	-10.098968833835006	2
GAGTCCGTCAAGAAGT	28.919572283373792	4.170131384857096	0
GATCAGTAGGGTTCCC	30.356664224718063	-8.129887372181456	0
GATCGCGAGTTTGCGT	22.18782221465142	9.081365385114122	0
GATCGCGCAAGCCTAT	-8.254330059844508	0.15800864749159368	4
GATCGCGCAATCCGAT	-12.338568907170803	1.2143431982627222	1
GATCGCGCACATCCGG	-5.333843167626862	-22.190200611574127	2
GATCGCGGTGCAGGTA	-7.789167426078468	-11.713128382836299	2
GATCGTAAGCTGTCTA	-34.86235526443508	-0.3228672592765679	5
GATCGTAAGTGGACGT	1.3345053425776008	-16.4015053580419	2
GATCTAGAGCTGAAAT	-9.881309634314958	10.260896867092443	1
GATCTAGTCACAACGT	-2.224833370572383	-22.819195170765198	2
GATGAAAAGGACAGAA	22.612204147191775	5.243526681461185	0
GATGAAAGTCAGCTAT	26.283955162318815	-0.06328688319706087	0
GATGAAATCGCACTCT	-10.786263658180813	-6.389188926891564	4
GATGAGGCACGAGAGT	30.361723862367807	2.891042746444275	0
GATGAGGGTCAACTGT	-7.722062319040805	0.04039955131994417	4
GATTCAGGTGCACGAA	-23.13953780053878	6.762521121877403	1
GCAAACTTCCGCTGTT	22.08955703346676	9.045399635769657	0
GCAATCAAGCGAAGGG	18.406859531637757	4.8691200684039035	0
GCAATCAAGGAACTGC	-21.408741495252876	8.858562227652328	1
GCACATAGTGCGGTAA	-9.90992650595486	10.196252943426417	1
GCACTCTTCACCGTAA	-5.159844917552767	-5.066638345289157	4
GCACTCTTCCCTGACT	-20.29738201953004	5.7602941957632385	1
GCACTCTTCTTCTGGC	19.351895469285797	4.689872879469122	0
GCAGCCAAGCCACTAT	-22.91780765432379	3.197431752311322	1
GCAGCCACAAATTGCC	19.926166260524493	4.950800512931568	0
GCAGCCACAGATCGGA	-37.94469796401739	-3.695151301149356	5
GCAGCCATCCGCGTTT	-21.16850059456242	8.765460014247493	1
GCAGTTAAGTTGAGTA	26.162600039143033	-7.169750970509995	0
GCATACACAAGCGATG	16.8312667921252	-3.489907675789816	0
GCATACACATCCAACA	5.916177695684498	3.907046443888846	3
GCATACAGTCTAACGT	-11.798487300120218	-5.93828812200149	4
GCATGATGTACGAAAT	-14.377818141807268	-1.5533440995862922	4
GCATGCGAGAAGGTGA	-7.676023044628296	18.950551803896325	1
GCATGTAAGGATATAC	0.5499605651799098	-23.703206669120437	2
GCATGTACAAGCGCTC	23.91133882496393	4.878453479734383	0
GCATGTAGTATTACCG	-17.79733215225587	15.357356474010734	1
GCATGTATCGCTAGCG	-6.542717553883097	12.906718992260426	1
GCCAAATGTCTCTTAT	5.831707412500788	-11.919064216917137	2
GCCAAATTCGTACCGG	8.050514672958547	-9.264621482417917	2
GCCTCTACAATAGCGG	-10.352200847061525	17.774405782219244	1
GCCTCTACACAGACAG	27.97923496368564	6.653932121394918	0
GCCTCTACAGTTTACG	-35.87135195736705	-2.762508614386807	5
GCGACCATCATAGCAC	0.5630368211202414	-25.298796280016496	2
GCGAGAAAGAGAACAG	6.277001639940895	10.1616735669053	3
GCGAGAACACGGCCAT	5.9927342529418315	11.877284963826877	3
GCGAGAAGTACTTGAC	15.418518677644212	-6.674207943239744	0
GCGCAACAGAGTCGGT	-5.734066350400982	-6.86389926242159	4
GCGCAACCAATGTAAG	31.33591052822522	-3.985448013818679	0
GCGCAGTCAGATTGCT	1.671209805789718	-1.6130288042577936	3
GCGCAGTTCGGACAAG	-10.183249292498894	-3.529703644556554	4
GCGCAGTTCTGATTCT	-15.073044726401958	18.586005358778834	1
GCGCCAAAGTGTACCT	-10.309357325139754	-6.36426402134122	4
GCGCCAAGTGCAACGA	3.1737880538685608	5.5235586083478205	3
GCGCCAATCAACACCA	29.819897669061692	1.2392084327261497	0
GCGCGATAGCCGGTAA	-0.6202035119651365	-24.478764557531964	2
GCGCGATAGTGTTGAA	-32.28254492197928	-5.787109259310474	5
GCGCGATCAAGCCTAT	-7.349608549183797	-13.011721013899558	2
GCGCGATCATCGTCGG	-35.23690905054631	-2.8943575089378775	5
GCGCGATGTAAGAGAG	16.148147238728814	5.298084885446582	0
GCGGGTTAGTACGTTC	19.52902892032348	4.302849583972379	0
GCGGGTTGTGGTGTAG	-11.781792468652569	7.2598665443001575	1
GCGGGTTGTGTCTGAT	-11.104227344679357	12.294823605730938	1
GCGGGTTTCTATCCCG	30.194557865676824	3.3187849174725104	0
GCTCCTAGTATTACCG	-17.590668708579297	18.418780774970354	1
GCTCTGTCATTTCAGG	4.0376331533240055	-16.964359941123938	2
GCTGCGAAGCTCCCAG	-17.353563473613363	15.94824684994893	1
GCTGCGACATAGAAAC	-13.680270237634428	15.901015140815252	1
GCTGCGACATATACGC	-21.20907298325865	-19.719970011312387	6
GCTGGGTAGATTACCC	7.290763939657763	3.2924859065265477	0
GCTGGGTCAGAAGCAC	-23.746519368838296	5.6280541040754555	1
GCTGGGTCAGACAGGT	11.920588216232293	-6.649133222643431	0
GCTTCCACATAACCTG	-11.773008458594175	10.037273490453714	1
GCTTGAAAGGGCACTA	-21.491800202496798	-18.39699860280741	6
GCTTGAACAGTATCTG	28.830805087805857	-8.953224979240705	0
GCTTGAAGTACAGCAG	2.3354907985438227	-0.2380367556442429	3
GCTTGAATCAGCACAT	2.064706458734147	-18.25146081566068	2
GCTTGAATCTGGTATG	25.751897011600207	0.4489860175254455	0
GCTTGAATCTTGCATT	10.543596356544748	-4.447515107548151	0
GGAAAGCTCAACACGT	-36.279657329951604	-2.9141667710163146	5
GGAACTTGTTGGACCC	26.412618603318876	4.913279042860608	0
GGAATAAAGTGCCAGA	-9.4687779583711	7.8521213230229865	1
GGAATAACACAGGTTT	-20.8213692983757	-22.26816290175816	6
GGACATTAGCCGATTT	-22.014623502292725	-18.86033021993099	6
GGACATTTCGGAGCAA	-10.843154266258816	-2.7778171458063623	4
GGACATTTCTGTCCGT	13.473379532687535	-3.96596196166281	0
GGAGCAAAGCCAGGAT	6.251493153894349	-14.09769413320226	2
GGAGCAAAGGTAGCTG	-19.846213842221562	2.542542417608753	1
GGAGCAAGTAAAGGAG	-17.902774904132663	5.463503025811232	1
GGAGCAAGTTTAGCTG	-2.347265946258829	-20.064467162936555	2
GGAGCAATCGCGCCAA	4.0254579020563215	2.146453419756453	3
GGATGTTAGCCTCGTG	6.635821468389164	-11.634702527747883	2
GGATGTTCATCCCACT	-18.03372342147847	5.532708515027761	1
GGATGTTCATTGCGGC	-33.33806083070964	-1.3325852437594259	5
GGATTACGTTAGGGTG	30.582939577400442	1.3864440357779677	0
GGCAATTTCAGTCCCT	26.46956101484688	3.947240916371042	0
GGCAATTTCGTTTATC	-3.7050370836814457	-23.918377613131497	2
GGCCGATAGACACTAA	13.148388093957125	-2.008293529376421	0
GGCCGATGTTTAGCTG	13.754910187312719	8.10890840083899	0
GGCGACTAGCCAACAG	4.279589638583746	8.403209698186744	3
GGCGACTCAGACGCTC	-30.163467962092056	-2.3847281155061575	3
GGCGACTGTTGGTGGA	1.6365937254513896	19.5873083216593	3
GGCGACTTCAAGATCC	22.148621575180638	-8.468241486602036	0
GGCGTGTAGGCATGGT	-12.089945947230992	-2.5362322595289353	4
GGCGTGTAGTTAACGA	29.318582871190277	-7.177183871902064	0
GGCTCGAAGACTAGAT	11.476261272099403	1.460398450569888	0
GGCTCGAAGCTATGCT	-22.54519129875779	-21.77165713096045	6
GGCTCGAGTACCCAAT	2.396791092524643	-0.42313634944163414	3
GGCTCGAGTTCCCTTG	-36.54328976350797	-4.071295025166154	5
GGGAATGTCCGCATCT	-19.037559578353182	7.217414277821348	1
GGGAGATTCGTCTGCT	-22.18482450905429	5.547418656645284	1
GGGATGAAGATCTGCT	4.0970495661188595	-3.6162503173487193	2
GGGCACTAGAGGGCTT	15.686510325400604	-3.82158528146746	0
GGGCACTAGCCGTCGT	-11.676212906755373	-4.407049112094484	4
GGGCACTGTACAAGTA	-19.79572986947928	10.7453136463844	1
GGGCACTGTTCTCATT	-24.210811357466053	-19.948176363385762	6
GGGCACTTCCGAACGC	-7.149133195728936	-11.045039052745322	2
GGGCATCAGTATTGGA	10.441019607193514	4.873874453239595	0
GGGTTGCCACAAGCCC	16.260961702692796	7.80479500337796	0
GGGTTGCCATACGCTA	-9.197456743243587	15.594265330973462	1
GGGTTGCCATTCACTT	-9.40786951211827	13.952683634378259	1
GGTATTGTCTACTTAC	0.08042859862913983	-18.56650202813022	2
GGTGAAGAGCTCTCGG	-16.1158658121832	16.1224027211031	1
GGTGCGTAGTACCGGA	4.007900486285858	-17.06267374315388	2
GGTGCGTCACGGTGTC	22.175496879203102	-8.45589678992078	0
GGTGTTACAAGCCTAT	-22.74378163168688	-18.84556265219476	6
GGTGTTACACGAAACG	-9.605416038104096	13.832626520165796	1
GTAACGTAGATGCCTT	-23.817355463200094	4.240600563155404	1
GTAACGTCAGCTCGCA	25.71973120583003	-7.840925553890224	2
GTAACGTTCCGTCATC	9.731849586663436	-0.5599789920728108	0
GTAACTGTCTTATCTG	-37.56303361392977	-5.7820079304863246	5
GTACGTAGTCGCATAT	5.312079289938373	-16.02366446528466	2
GTACGTATCAGGCCCA	-10.35209898945977	15.70882469975012	1
GTACTCCCACATTTCT	32.34982091060008	-2.0256164125614973	0
GTACTCCCACCCTATC	2.106144015309268	-15.93442621632171	2
GTACTCCTCTCGGACG	16.061246173985406	-4.422440726308993	0
GTACTTTAGTGTCCAT	0.5158398654360477	-25.366736972888194	2
GTACTTTCACACATGT	4.078659628872668	12.216624955084901	3
GTACTTTGTTCCACGG	0.5720370467624272	14.29944153671096	3
GTAGGCCAGCGTTTAC	-9.565922708937608	4.915931664488509	1
GTAGGCCCAGATGAGC	-12.545767304401151	7.598822048993016	1
GTAGGCCCATGCAATC	-19.415181956214326	-20.770984316835172	6
GTAGGCCTCGGACAAG	7.243886218055398	-16.82382697322611	2
GTAGTCACAAGCGTAG	-20.31316592710828	-21.10215432129842	6
GTAGTCAGTTAGTGGG	-22.59750339523874	7.463637037401944	1
GTAGTCATCACGGTTA	26.401813507017323	-10.347747294355438	2
GTATCTTGTACATGTC	3.9674687876257924	9.859272457309295	3
GTATTCTAGACGCAAC	3.766297057156323	-8.728603181804967	2
GTCAAGTAGAATAGGG	-0.9675637291073376	-20.16712066210946	2
GTCAAGTAGGCATGGT	3.610681771173996	-19.726299114709875	2
GTCACAAGTTCATGGT	29.478328992981858	-1.1249010765642065	0
GTCACAATCTGTTTGT	5.294495741958677	-12.302713973346215	2
GTCACGGAGAGACGAA	-8.651285595724387	10.776167313328166	1
GTCACGGCACCGATAT	28.105153538275772	-2.7903830523706317	0
GTCACGGTCGTTTAGG	-22.87631295322028	3.505940242535926	1
GTCATTTCAATGGAGC	8.024608963658828	-9.378282617735163	2
GTCATTTGTATTACCG	24.995676133209976	-1.5880773274994366	0
GTCCTCAAGGCGATAC	27.998127205792095	0.381118570552986	0
GTCCTCAGTTGCGTTA	-20.11739139092643	-20.01442379394241	6
GTCCTCATCTTATCTG	2.2873439105372873	19.677281772044903	3
GTCGGGTTCTTATCTG	-6.016790296765764	11.533317487061458	1
GTCGTAAGTCGCTTTC	-13.156492960841986	11.490056606953786	1
GTCTCGTCAAGACGTG	21.026550040158813	8.374520029995969	0
GTCTCGTCACCAGATT	16.303753146288134	-1.377860706064666	0
GTCTCGTTCGAGAGCA	-8.551060949380613	1.3040633080166624	4
GTCTTCGCAGCCAATT	-7.471247757589133	9.323215210533458	1
GTGAAGGAGAGCTATA	-8.02292908442881	0.44574164713446895	4
GTGAAGGAGTCCGGTC	-3.4819384017728736	-22.93283327213763	2
GTGAAGGGTCTCTCTG	-5.487210857870035	15.257307476528553	1
GTGAAGGTCTTAGAGC	3.03937212442293	-2.7104682774360636	3
GTGGGTCGTTTGTTTC	-12.205622352448176	-0.39040245986711497	4
GTGTGCGAGACGACGT	-1.0425837639008888	-19.75913687642941	2
GTGTGCGAGGACATTA	-1.3569432412521425	-14.003943814270674	2
GTGTGCGAGGCCCTCA	-17.65678328450683	10.091077174168626	1
GTGTGCGAGTCCGTAT	-12.173253567059458	15.591602625822715	1
GTGTGCGGTTGATTGC	3.3153246690990885	3.6793956796908223	3
GTGTTAGAGGCTAGGT	28.939516182888	-4.656562205053425	0
GTGTTAGCAGTATCTG	30.970997630592684	-4.083017717561497	0
GTGTTAGCATTAACCG	2.840791963796673	14.445231406457815	3
GTGTTAGGTCTAGTCA	24.514511994135123	4.083358071057577	0
GTGTTAGTCCTGCAGG	14.910751610202777	5.648449810400389	0
GTTAAGCTCAGAGCTT	8.280622732260039	8.294712995873244	3
GTTACAGAGAACAATC	-10.994874839403998	-0.17850641782803228	4
GTTACAGAGCTAGTCT	-21.100121107092942	8.425102926215624	1
GTTACAGGTACAGACG	1.53968825930724	-15.534538221168281	2
GTTACAGGTTCGTGAT	27.44705690853121	-1.5042175664711281	0
GTTCATTAGCAGGCTA	-5.593817933194393	-6.866918573683321	4
GTTCATTAGGAGTAGA	-7.93565458932417	-3.7399242141257694	4
GTTCATTCAGTAGAGC	26.10343494356289	-7.776634975722636	2
GTTCATTGTACCAGTT	-22.321533639131655	7.20770845720707	1
GTTCATTGTGATGATA	-18.28172360818422	11.286062262793152	1
GTTCGGGAGATAGGAG	-23.35566373481191	6.607582621560498	1
GTTCGGGCATATACGC	6.858185618165096	-8.380993503252078	2
GTTCGGGCATGGGAAC	27.427681157155675	3.8339482408468855	0
GTTCGGGGTCGCTTTC	-19.750921066942695	-21.686395451784726	6
GTTCGGGGTTGTGGCC	0.31966110275842063	-18.97895208695245	2
GTTCGGGTCCAACCAA	-12.650813571071593	6.013410710646304	1
GTTCGGGTCGGAAACG	-2.3362098332620866	15.066796545781674	1
GTTTCTACATCTCGCT	-18.74180864130212	11.38290644766432	1
GTTTCTAGTCTCCCTA	-5.071093443230928	-21.338017524119152	2
TAAACCGAGGGCTTGA	3.974282179393402	-2.138701780820989	3
TAAACCGCAGCTTAAC	0.28189986390968874	-9.879150538855324	2
TAAACCGGTGACTCAT	-2.995494633621195	-23.951677680081392	2
TAAACCGTCAGGCCCA	-19.726531527423525	2.449995001530457	4
TAAGAGACACGGACAA	-36.723364779886595	-2.15173136507608	5
TAAGAGATCGGACAAG	2.2582749031830804	15.943189279088381	3
TAAGCGTAGCGATTCT	1.5522592834646347	-15.383751093762129	2
TAAGCGTGTATAAACG	-11.138412845853	-6.760208013711139	4
TAAGTGCAGTTAGCGG	30.505729930063456	3.5423154169631297	0
TACACGAGTAACGCGA	28.5244264516994	-1.835677305307478	0
TACAGTGAGATGGGTC	8.72594388588902	-1.7667060400517598	0
TACAGTGCACGGTAAG	-8.921124572980933	-4.095807342470458	4
TACAGTGGTTACGTCA	18.57888261810147	4.346940472676382	0
TACCTATAGCAGCCTC	-32.98886984132091	-3.347948339942091	5
TACCTATAGCGTTGCC	31.466044792535907	-5.076561663264201	0
TACCTATGTGAGGCTA	2.5137151771658086	14.76510770695753	3
TACCTTACACTTACGA	12.736485280411848	-0.730797821475972	0
TACCTTATCCGTACAA	-12.23817074301717	2.5692473853759097	1
TACGGATTCAATAAGG	30.941294607126704	1.099757268601864	0
TACGGGCAGAGCCCAA	-20.381141266233485	5.556945148083748	1
TACGGGCAGTACGTTC	3.381788216720263	-4.077479565173108	2
TACGGGCGTCAGAATA	0.3755776349250787	-9.370252582318827	2
TACGGGCGTTTAGCTG	-20.31532158536701	-21.753276001670283	6
TACGGGCTCGCGTTTC	-15.335767261944886	11.02209371860232	1
TACGGTAAGTTCGCAT	6.060016616141622	5.539306794179125	3
TACGGTACAGCCTATA	4.800950685891391	10.571644800103696	3
TACTCATAGTGGGCTA	6.542223125259032	7.562718497182628	3
TACTCATCAGATCGGA	-21.036143753964183	-19.811434515688195	6
TACTCATGTACACCGC	-36.367105862013666	-4.341131316627726	5
TACTCATGTGGTCTCG	-21.516727733132385	-16.5495866111443	6
TACTCATTCAGCTCGG	11.219008056132457	3.8307920573010645	0
TACTCGCAGAATTCCC	30.197153640664112	-2.58993644474622	0
TACTCGCAGTCGATAA	-5.329101741905151	14.4530002702937	1
TACTCGCGTACCTACA	-24.58421631135843	5.583154101221434	1
TACTCGCTCATCTGCC	4.850494831534992	-10.845821035497096	2
TACTTACCATAGTAAG	-11.684068605312355	0.4590850958789358	4
TAGACCAAGGTAAACT	-11.126536431350678	-6.5257011447470425	4
TAGACCACAATGCCAT	-13.695631671524056	-2.977262941178388	4
TAGAGCTCAAGCGCTC	-19.09483430120107	17.781001309557766	1
TAGAGCTCAGACGTAG	26.45951793650485	-9.340260981049674	2
TAGCCGGAGATGTGTA	28.882838234552317	-3.6941827908303804	0
TAGCCGGCAGACGTAG	-21.505170932943333	-16.022943529467348	6
TAGCCGGCAGGAATCG	26.718945709184155	-9.189643893176346	0
TAGCCGGCATGCGCAC	14.976452403857909	1.480086414176071	0
TAGGCATAGCTAGCCC	-19.688062137794596	7.44537549731406	1
TAGGCATCACAGGCCT	26.145096006313118	2.7392899422178205	0
TAGGCATCACATCCAA	15.916617243569938	-5.517897285789567	0
TAGGCATGTGTCTGAT	2.9999870006748113	18.716820698843954	3
TAGGCATTCGAACGGA	-0.5813457788188002	-20.449995073081784	2
TAGTGGTAGCGCCTTG	26.48749350740695	-6.135506997595172	0
TAGTGGTAGGCGACAT	-18.706476264572263	8.681591914767246	1
TAGTGGTAGTGCAAGC	-12.543821242890516	20.367172505706524	1
TAGTTGGCACTTGGAT	-4.524640101688627	-21.755574977780014	2
TAGTTGGGTCGCATCG	27.516329970691565	0.7785529327053076	0
TATCAGGAGGCTAGAC	-22.055501663048872	-22.431787161295727	6
TATCAGGGTTATGCGT	7.199189335994195	-18.61409496158847	2
TATCAGGTCTGCCCTA	-14.956544982032307	15.960084676947346	1
TATCAGGTCTTACCGC	-0.13166900121646652	-24.644919902842474	2
TATCTCAGTTCTGTTT	4.99890909531208	19.690564381814923	3
TATCTCATCAGGTTCA	26.097028655016864	6.797079774044342	0
TATCTCATCTTTAGGG	-21.60501979862203	-20.308327996923143	6
TATGCCCTCGAGAGCA	20.246182975976435	-1.2553497446144548	0
TATTACCCAGCCTTTC	5.6829375749827244	-16.903976587282724	2
TATTACCCAGCTCGCA	-5.6646640006819124	-6.641081982618802	4
TATTACCTCACCATAG	19.128384630354528	3.7358817256741417	0
TCAACGATCTGCTTGC	-22.53669479534158	5.405598022343633	1
TCACAAGAGCGCTCCA	16.724530728517642	-0.20332364095595273	0
TCACAAGAGTCGAGTG	-22.524100978265146	-19.70323978224671	6
TCACAAGCACGGTAGA	17.911441782862976	-4.9163754109577305	0
TCACAAGGTTACCGAT	3.324839900998067	-0.8460742147712149	3
TCACGAAAGTACCGGA	3.2348185632450424	7.562258370536841	3
TCACGAAAGTTAAGTG	18.337511684078905	-6.084016834349482	0
TCACGAACAAGCCTAT	-7.960775189832555	15.486826534520256	1
TCACGAACATAACCTG	-22.529882825578763	-21.1815232890471	6
TCACGAAGTTAAAGAC	-7.596286052697837	-10.90378279713737	4
TCACGAATCAAAGTAG	-20.936567209912177	-22.172687684423654	6
TCACGAATCAATAAGG	23.8828443892765	-2.9987607507099945	0
TCACGAATCCATTCTA	-31.662312111001025	-3.1843752730686528	1
TCAGATGTCCCGGATG	-4.591955122073487	-1.507942955489964	4
TCAGCAATCCCGGATG	28.236240964146507	-1.3999921231012025	0
TCAGCTCAGACCTAGG	-7.400245708229163	-0.19150944429826203	4
TCAGCTCAGGTAGCCA	21.664659027928817	6.416751602826558	0
TCAGCTCCACATCCGG	16.973627788648866	-8.449637203186732	0
TCAGCTCTCAATACCG	18.590095775369157	0.8255405687595366	0
TCAGGATAGGCATGTG	-21.272979102444936	-21.717493226774057	6
TCAGGATTCAACCATG	31.551641431931568	-4.274853872721956	0
TCAGGATTCAAGAAGT	-10.798992867516466	20.241507942679046	1
TCAGGATTCACTTCAT	23.48769715397965	6.177335135782267	0
TCAGGTACATTGAGCT	29.859631141733875	3.9888568596168237	0
TCATTACAGCTAGCCC	17.77659432088173	-2.797838009997827	0
TCATTACAGTAGCCGA	26.134955650652678	1.7149538952946988	0
TCATTACCAGGCGATA	-13.304669477865176	10.414272662152149	1
TCATTACTCCTGTACC	-33.27356128044295	-1.367673249369454	5
TCATTTGGTCAGGACA	-33.35814431435575	-6.326400806883547	5
TCCCGATCACGAGGTA	2.4545245025369216	0.8098601468681389	3
TCCCGATCAGGATCGA	-17.726368704900498	14.69191639736753	1
TCCCGATGTCCGTGAC	19.455994557659725	4.2123727343222885	0
TCGAGGCAGTGGTAAT	-35.94068399829858	-2.6828669618484264	5
TCGAGGCAGTGTCCAT	-15.891409039302205	14.348023901345698	1
TCGAGGCCACCGAAAG	-9.232947328012632	14.122711709779734	1
TCGAGGCCAGCATGAG	-12.078440255832248	12.191413167170625	1
TCGAGGCCATGCAACT	-36.204193770076486	-0.29492249227342276	5
TCGAGGCGTCTGGTCG	-11.14513579024349	-3.2493027898804763	4
TCGCGTTAGTGTGAAT	9.833646314998445	7.916457039909315	3
TCGCGTTCACATCCAA	3.4640136198961136	20.676979380805797	3
TCGGGACCACCAGGTC	-33.21813714595835	-1.3910891234115634	5
TCGGGACGTAGCTAAA	-9.47661804220407	2.635177667054449	1
TCGGGACTCACTCTTA	16.799840301065665	-1.4289119809952175	0
TCGGTAAGTTGGACCC	5.48776990331584	18.643473300369507	3
TCGGTAATCACCATAG	2.3883111721649337	18.115185172280555	3
TCGGTAATCGCCTGTT	-13.441498843544952	13.92153727964069	1
TCGTACCCAAGCCGCT	2.4757602298031407	17.386879398779186	3
TCGTACCGTGCGATAG	27.19674889662286	0.3613814421017347	0
TCGTACCGTTGGGACA	2.46266044386289	-0.27189355831179157	3
TCGTACCGTTGTGGCC	28.67552239207032	-9.636390015016458	0
TCGTAGACATCACGAT	5.528280185068441	7.051482768585723	3
TCGTAGATCGGCTTGG	4.748646579374584	-16.521127885341826	2
TCTATTGGTGTGACCC	-12.963959671074354	20.049768668553714	1
TCTATTGGTGTTGGGA	-32.86134821616087	-5.175965400460163	5
TCTCATATCAATCACG	17.510255998666654	-8.174126660736087	0
TCTCTAAAGCTACCGC	18.05682313660631	-9.184485316737947	0
TCTCTAAGTGCGAAAC	20.624752692731978	5.649082387067752	0
TCTGAGAAGGACTGGT	23.766964871915388	2.924878029388763	0
TCTGAGACAGCTCCGA	-3.6178048963398863	-4.620873598309738	4
TCTGAGATCAACGAAA	23.929538629067842	4.931627993013556	0
TCTGAGATCGCCTGTT	-34.446471522866865	-7.054385762373828	5
TCTGGAATCACCAGGC	-12.260593279546994	-2.371137537144922	4
TCTTCGGAGACAGGCT	-14.862625720326154	12.991949417960786	1
TCTTCGGAGCGCCTTG	-6.058160760476282	12.787025827318075	1
TCTTCGGCATGCCTTC	8.801175772560853	8.117036846283666	3
TCTTCGGGTCATTAGC	28.109752450571147	4.114321302163406	0
TCTTCGGGTGTGAAAT	1.0130773692066903	19.98947557521811	1
TCTTTCCGTCCATGAT	30.815495948745053	-2.728303472094714	0
TGAAAGACAAGGCTCC	-10.457879419494388	-5.126489138222219	4
TGAAAGACATACCATG	-17.956924323782996	18.8386773979601	1
TGACAACCAGCCTTTC	-13.74376497550813	18.056982939722293	1
TGACAACTCACCAGGC	-31.559916276949778	-5.848377246354288	5
TGACGGCGTCGCTTTC	4.65994389688809	3.844361014849181	3
TGACGGCTCACGGTTA	-33.62931429376351	-5.566117563917692	5
TGACGGCTCTGGTTCC	14.125299111949618	-2.1498140166521797	0
TGACTAGCAGACGCCT	-2.8011441199228604	4.010100106068156	0
TGACTAGTCTGTCTCG	22.892063351073944	7.750274925080566	0
TGACTTTAGAATGTGT	8.750919127249407	-1.4146530948376057	0
TGACTTTGTCTTCGTC	3.214510816843939	-17.068681217622572	2
TGAGAGGCACGGACAA	-3.6892433480564146	-4.478607144451481	4
TGAGAGGGTAATAGCA	18.47745434087467	-9.349030630566801	0
TGAGCATCATCCTAGA	-9.893810012473065	-1.8313177465476767	4
TGAGCATGTGTTCGAT	-20.44455474166682	-20.001966825372385	6
TGAGCCGTCATCGGAT	6.011508854153174	18.71707286616365	0
TGAGGGACAAGACACG	2.7360675494232995	-17.687832675762934	2
TGAGGGACATATGAGA	-7.435289632666298	-12.54040562721437	2
TGCCAAACACAGCCCA	17.689978528588938	-2.2453435206301	0
TGCCAAACACGAAAGC	3.3377107062348235	-14.154363302276513	2
TGCCAAACATGAACCT	27.353513925759398	6.986825203190559	0
TGCCAAACATGCGCAC	-9.660961455572977	12.240205882206592	1
TGCCAAATCAGGCCCA	-12.093095748782705	-4.3379273705523245	4
TGCCCATCATTACGAC	25.455490564006855	5.672156334662303	0
TGCCCATGTAACGCGA	-34.11980393889784	0.7811906368237728	5
TGCCCATTCGAGGTAG	14.1408246279486	-6.935294729269708	0
TGCCCTACAATTGCTG	15.421005568478263	8.99114808306712	0
TGCCCTATCTAACCGA	3.941258630303922	-11.110095378959636	2
TGCCCTATCTGTCTAT	9.153343710910304	4.664439536399675	3
TGCGCAGCAGCAGTTT	-36.208925813215444	-0.3403652113257675	5
TGCGCAGTCACGCATA	18.644170525437495	5.854037207668129	0
TGCGGGTAGTGCGATG	27.07545296351098	4.127754385654597	0
TGCGGGTCACGGTAGA	5.464949212490089	-0.632104836917756	3
TGCGGGTGTTACTGAC	0.8592034610171392	-16.482333695104405	2
TGCGTGGAGCGGATCA	-12.872326083081836	21.764491575531416	1
TGCTACCAGTGATCGG	-36.95091211448576	-6.081542273250021	5
TGCTACCCAGTCAGAG	-12.402231821773315	3.0036828650786638	1
TGCTACCGTAGCTAAA	19.553810360516778	2.7920935771066127	0
TGCTACCGTTAGAACA	-32.41445274222368	-6.11193131772895	5
TGCTACCTCTCTAAGG	-19.698294100445747	14.049701632848079	1
TGCTGCTCACGACGAA	32.311124552516475	1.71458639219155	0
TGCTGCTTCACAACGT	-17.675714774561097	19.355367505698844	1
TGCTGCTTCGCGTAGC	2.273186189613275	17.004233313227658	3
TGGACGCAGCCCGAAA	-16.981718103262764	14.65913177984921	1
TGGACGCGTTCCAACA	4.710584611433901	11.95644463012799	3
TGGCCAGAGGGTATCG	24.237104427447015	0.25788912490207183	0
TGGCCAGCAGCCAGAA	-34.46931000655408	-0.4992074027555775	5
TGGCCAGCATCACGAT	-32.948925643177716	-6.210787309684271	5
TGGCCAGTCGAACGGA	-15.245925234935918	9.311116916584819	1
TGGCCAGTCGAGCCCA	27.246178191203782	3.9730964993827764	0
TGGCCAGTCGGCGCAT	-7.9641455324476995	-8.744970589037784	4
TGGCGCAAGAATGTGT	22.589583787993902	6.05611377431384	0
TGGCGCATCCGTACAA	4.696951355646002	-8.615858526555137	2
TGGCTGGCAGCATACT	-1.3164748464191627	-24.039619525888877	2
TGGGAAGAGCGCTTAT	-12.702680058746246	6.262918072575942	1
TGGGAAGCATAGACTC	11.806707715603784	-1.887286947635337	0
TGGGAAGGTCTTGATG	-16.405509876774435	15.627622397955179	1
TGGGCGTTCGGATGGA	20.70850996423629	10.396796495257737	0
TGGGCGTTCGGCTACG	31.843017062703066	-2.3995156684247374	0
TGGTTAGGTAGAGGAA	17.99309578076703	-8.313715192833328	0
TGGTTAGTCGACCAGC	24.765479424496924	3.684221154181091	0
TGGTTAGTCGTCGTTC	10.43822681126504	-2.34496258945354	0
TGGTTCCAGCACCGCT	2.9433123524253944	-2.6630428827676713	3
TGGTTCCCACTCTGTC	-20.967472461591573	-21.493924806579294	6
TGGTTCCCAGCAGTTT	17.938242331219886	-5.110198246901713	0
TGGTTCCGTTGCCTCT	9.755682452369497	10.099508273302428	0
TGGTTCCTCAGCTTAG	18.764865371174533	-3.6595896516891098	0
TGTATTCAGGTACTCT	4.53013241058448	-17.60757755879864	2
TGTATTCCAAGCCGTC	14.889410643987224	-5.378837234115356	0
TGTCCCACATCCCATC	-11.852693379746874	0.8420671538003937	4
TGTCCCAGTACGCACC	27.91635120569551	-5.226523654045224	0
TGTGGTAAGCGTGAGT	-12.928589897064588	11.737177132139466	1
TGTGGTACATGGAATA	-10.614916829199343	-5.725475275825724	4
TGTGGTAGTCTGCGGT	-13.878497997730724	7.213628536409852	1
TGTGGTATCACCCTCA	19.99414753524446	11.62715017183925	1
TGTGTTTGTACCATCA	-10.922793621404296	0.039335559865390474	4
TGTTCCGAGTGAAGTT	7.588629916484394	-3.2049100078712653	0
TGTTCCGGTGCCTTGG	2.6403842508819784	3.0421470373268726	3
TGTTCCGTCGGAGGTA	30.30983068635369	2.1543501608631876	0
TTAACTCAGTTATCGC	-4.651379748748703	-21.975048154805076	2
TTAACTCCAAAGTCAA	5.708788206962598	7.184121396661326	3
TTAACTCCAGGGAGAG	-21.668114375273785	-20.887743142131104	6
TTAGGACAGAAGATTC	-5.141654893794789	13.674545023940224	1
TTAGGACAGGAGTCTG	23.97725281848388	8.946083018715408	0
TTAGGACCAGCCTATA	-4.277342730879875	15.870218522505692	1
TTAGGACCATACGCCG	6.049636053852229	-13.548971439504228	2
TTAGGCATCAAGGCTT	24.22815586353843	-2.9597086940671	0
TTAGGCATCGTTGCCT	7.88287359461448	-2.9596452315337545	0
TTAGTTCTCACGAAGG	22.774429514220305	5.4475859031445495	0
TTATGCTAGTCGATAA	-14.392364513518395	16.27690029802445	1
TTATGCTCAACCGCCA	-33.71570200349169	-0.6645369563363572	5
TTATGCTCACGCTTTC	-15.171546521913031	11.126462588868385	1
TTCCCAGAGCAGGCTA	3.160942071394066	-0.4811085262725592	3
TTCCCAGGTGTTAAGA	-0.27606945922069337	-12.449018579881388	2
TTCCCAGGTTGTGGAG	10.108795966519745	-0.37501927455621076	0
TTCGAAGGTAAATGTG	-7.5667938662929934	16.755400444363076	1
TTCGAAGTCGGCGGTT	3.6660969327979256	13.37386299650463	3
TTCGAAGTCTGGTATG	31.67310025579913	-3.317515254982428	0
TTCGGTCAGGCAGGTT	-13.984455207969173	10.18565608961972	1
TTCGGTCGTGTGCGTC	4.762325927347674	-10.196405439951377	2
TTCTACATCATGTAGC	0.6332233808863637	-8.76286669094364	2
TTCTACATCCGAACGC	-9.371909918084567	17.079734989118062	1
TTCTACATCGGAGGTA	-19.511494796351574	6.443981083268917	1
TTCTACATCTATGTGG	-21.830490999375407	3.6874661932793975	1
TTCTCAACAATTCCTT	30.18175037495263	-1.4261192283614696	0
TTCTCCTCAGACGTAG	15.458129242298398	8.896876679859924	0
TTCTCCTCATCGATGT	2.6031705134433327	3.216950648211342	3
TTCTCCTGTTATGTGC	5.531547121841309	8.33858151478162	3
TTCTCCTTCAACACGT	4.842673465583125	20.579273298675325	3
TTCTCCTTCCTTGACC	0.03183443135501947	-8.105741085288479	2
TTCTCCTTCTCGGACG	-10.664636427133912	6.377814335621263	1
TTCTTAGGTAAATACG	4.256772336947181	20.27703374891391	3
TTGAACGCATTTGCTT	28.159902216228694	0.5703078402707333	0
TTGAACGTCCCATTTA	-35.23826937873019	-2.0919691111135834	5
TTGACTTAGGATATAC	25.10643363984968	3.4289262755016345	0
TTGCGTCAGCTACCTA	-21.181028099137077	15.097717249413224	1
TTGGAACCACTGCCAG	2.7605204706370334	-18.841615551073545	2
TTGGAACTCGTCCAGG	-1.1397310234140599	-23.02622704193175	2
TTGGCAAAGGAACTGC	-31.751164146157798	-3.498538379303413	5
TTGGCAAAGTAGTGCG	-11.995787588013794	10.415143254582334	1
TTGTAGGCATTGAGCT	-35.212897834551256	-7.001262452781869	5
TTGTAGGTCTGACCTC	-13.831646535957233	4.8843204561066775	1
TTTACTGAGTCGTTTG	-18.25832352825018	16.314244289617324	1
TTTACTGCAGTGACAG	-31.596318330153345	-3.1891179001036307	5
TTTACTGTCAACCATG	-4.559349857830613	-22.32771340910873	2
TTTATGCCAAGGACAC	-25.521778716828678	4.90715356357847	1
TTTATGCGTTCGTTGA	-14.455114004024297	-1.6670076726553131	4
TTTATGCTCCTGCAGG	-16.45313307668974	10.559135730900246	1
TTTCCTCAGTTGTAGA	5.849341154008418	2.9700563514262157	3
TTTCCTCCATGCCTAA	-19.972289627081402	-20.06915123365154	6
TTTCCTCCATTCTCAT	-20.189518129032777	15.796050135561003	1
TTTCCTCGTATGCTTG	-0.25332324851415744	-20.104805675410876	2
TTTCCTCGTTGCGCAC	26.484706906068432	-3.1805876644800954	0
TTTGCGCAGCCAGTAG	16.938812743343707	-3.710880845108694	0
TTTGCGCTCAGGATCT	4.797073490420283	-16.60179157966164	2
TTTGGTTGTTCCCGAG	30.035495412997307	0.6797524103515133	0
TTTGGTTGTTTGACTG	-0.07182423197812302	-12.180032280059372	2
TTTGTCAAGGCATTGG	0.03209884678135804	-16.034918433879064	2
TTTGTCAAGGGTTCCC	2.832163282379064	-16.520881589745766	2
TTTGTCAAGTCCGTAT	-34.33005379222573	-1.860763192864138	5
TTTGTCAGTATGCTTG	5.5032262281123145	10.638221337337312	3
TTTGTCAGTCTCGTTC	31.56192800519181	-2.254342326114996	0
TTTGTCAGTGCACTTA	-2.672451823830965	-21.073241636906257	2
TTTGTCATCCCTTGTG	17.37989641911707	-3.8278776500749405	0
TTTGTCATCGAATGCT	6.19219794908716	-17.203783701278926	2
